Event type,Outcome,Player,Recipient player,Team,Competition,Season,Match,Date,Minute,Second,Start X,Start Y,End X,End Y,Touch,Pass height,Distance,Duration,Body part,In attacking third,In attacking half,Inside attacking third,Distance to own goal,Inside attacking half,Distance to opponent's goal
pass,complete,Dominique Bloodworth,Melvine Malard,Manchester United,FAWSL (FA Women's Super League),2025/2026,Manchester United vs. Leicester City WFC,2025-09-07,72,47,105.800003051758,7.09999990463257,113.4,37.9,true,high,31.72,1531,left_foot,true,true,true,109.67611408141701,true,32.2001552791287
pass,complete,Dominique Bloodworth,Anna Sandberg,Manchester United,FAWSL (FA Women's Super League),2025/2026,Manchester United vs. Tottenham Hotspur Women,2025-12-14,89,57,94.5999984741211,26.7000007629395,110.8,20.2,true,ground,17.46,1256.2280000001192,left_foot,true,true,true,95.05603610502595,true,27.049029557453633
pass,incomplete,Dominique Bloodworth,Fridolina Rolfö,Manchester United,FAWSL (FA Women's Super League),2025/2026,Everton LFC vs. Manchester United,2025-10-12,53,29,94.5999984741211,22.7000007629395,108.9,35.2,true,high,18.99,1391.7789999999804,right_foot,true,true,true,95.53036166580758,true,28.671414335536365
pass,incomplete,Dominique Bloodworth,,Manchester United,FAWSL (FA Women's Super League),2025/2026,Manchester United vs. Leicester City WFC,2025-09-07,89,23,100.5,28.1000003814697,103.4,27.6,true,ground,2.94,151,left_foot,true,true,true,100.81001934331726,true,21.039486685753527
pass,complete,Dominique Bloodworth,Jessica Park,Manchester United,FAWSL (FA Women's Super League),2025/2026,Manchester United vs. Chelsea FCW,2025-10-03,18,20,100.099998474121,32.5,104.2,50.5,true,ground,18.46,1755,left_foot,true,true,true,100.16117012096053,true,20.20544481074347
pass,complete,Dominique Bloodworth,Jessica Park,Manchester United,FAWSL (FA Women's Super League),2025/2026,Manchester United vs. Tottenham Hotspur Women,2025-12-14,20,28,97.6999969482422,39.2000007629395,108.67,47.38,true,ground,13.68,1223.6340000000782,left_foot,true,true,true,97.7,true,22.299999999999997
pass,incomplete,Fridolina Rolfö,,Manchester United,FAWSL (FA Women's Super League),2025/2026,Manchester United vs. Tottenham Hotspur Women,2025-12-14,68,56,118.099998474121,72.4000015258789,116.8,38.7,true,high,33.73,1851.4040000000969,right_foot,true,true,true,121.46674442002633,true,28.46348538039571
pass,incomplete,Fridolina Rolfö,Ella Toone,Manchester United,FAWSL (FA Women's Super League),2025/2026,Everton LFC vs. Manchester United,2025-10-12,68,6,94.0999984741211,30.2000007629395,104.3,26.7,true,ground,10.78,1260.966000000015,right_foot,true,true,true,94.2785765696534,true,26.541476974727694
pass,complete,Fridolina Rolfö,Melvine Malard,Manchester United,FAWSL (FA Women's Super League),2025/2026,Manchester United vs. Tottenham Hotspur Women,2025-12-14,71,59,94.4000015258789,68.5999984741211,112.8,41.1,true,high,33.09,1284.2560000000522,left_foot,true,true,true,97.55265244984372,true,35.5038026132413
pass,complete,Fridolina Rolfö,Jessica Park,Manchester United,FAWSL (FA Women's Super League),2025/2026,Manchester United vs. Tottenham Hotspur Women,2025-12-14,87,21,114.599998474121,64.6999969482422,108.8,50.4,true,low,15.43,887.3990000002086,left_foot,true,true,true,116.45449755161884,true,21.39275578320849
pass,complete,Fridolina Rolfö,Melvine Malard,Manchester United,FAWSL (FA Women's Super League),2025/2026,Liverpool WFC vs. Manchester United,2025-09-28,2,7,104.300003051758,12.6000003814697,104.3,22,true,ground,9.4,768,left_foot,true,true,true,106.89270321214633,true,28.1788928100449
pass,incomplete,Fridolina Rolfö,,Manchester United,FAWSL (FA Women's Super League),2025/2026,Arsenal WFC vs. Manchester United,2026-01-10,5,48,82.9000015258789,8.60000038146973,111.6,38.7,true,ground,41.59,2666.2949999999837,left_foot,true,true,true,87.31076680455854,true,46.12125323535777
pass,incomplete,Fridolina Rolfö,,Manchester United,FAWSL (FA Women's Super League),2025/2026,Manchester United vs. Aston Villa,2025-11-08,6,25,107.800003051758,7.90000009536743,111.4,37.1,true,low,29.42,1826,left_foot,true,true,true,111.40219926015824,true,30.63413129174712
pass,out,Fridolina Rolfö,,Manchester United,FAWSL (FA Women's Super League),2025/2026,Manchester City WFC vs. Manchester United,2025-11-15,64,28,87.1999969482422,1.60000002384186,120,20.7,true,low,37.96,2981,left_foot,true,true,true,93.74006614036497,true,47.53104248804143
pass,incomplete,Fridolina Rolfö,,Manchester United,FAWSL (FA Women's Super League),2025/2026,Manchester United vs. Tottenham Hotspur Women,2025-12-14,91,41,85.5999984741211,46.2000007629395,110.1,30.6,true,high,29.04,2758.25800000038,left_foot,true,true,true,85.62826636105626,true,34.47027705139604
pass,complete,Fridolina Rolfö,Melvine Malard,Manchester United,FAWSL (FA Women's Super League),2025/2026,Arsenal WFC vs. Manchester United,2026-01-10,34,12,116.599998474121,11.3000001907349,109.1,43.6,true,low,33.16,1332.902000000002,left_foot,true,true,true,119.18745739380465,true,24.93290997858052
pass,complete,Fridolina Rolfö,Melvine Malard,Manchester United,FAWSL (FA Women's Super League),2025/2026,Manchester United vs. Chelsea FCW,2025-10-03,68,20,97.1999969482422,45.2000007629395,102,49.3,true,ground,6.31,1611,right_foot,true,true,true,97.20740712517745,true,22.831557108528536
pass,out,Fridolina Rolfö,,Manchester United,FAWSL (FA Women's Super League),2025/2026,Liverpool WFC vs. Manchester United,2025-09-28,77,19,114.800003051758,17.5,120,54.1,true,high,36.97,2066,left_foot,true,true,true,116.28108186631219,true,19.216919628285904
pass,complete,Fridolina Rolfö,Melvine Malard,Manchester United,FAWSL (FA Women's Super League),2025/2026,Everton LFC vs. Manchester United,2025-10-12,58,58,107.099998474121,12,114.4,33.5,true,high,22.71,1801.515999999945,left_foot,true,true,true,109.75613878048006,true,27.247201691182898
pass,incomplete,Fridolina Rolfö,Melvine Malard,Manchester United,FAWSL (FA Women's Super League),2025/2026,Everton LFC vs. Manchester United,2025-10-12,47,26,117,13.8999996185303,111.67,45.75,true,high,32.29,2338.6240000003017,left_foot,true,true,true,119.06892961642008,true,22.3026904206645
pass,incomplete,Fridolina Rolfö,,Manchester United,FAWSL (FA Women's Super League),2025/2026,Manchester United vs. West Ham United LFC,2025-12-07,92,24,98.4000015258789,20.2000007629395,112,45.2,true,ground,28.46,1644,left_foot,true,true,true,99.6604234387954,true,26.76191323504356
pass,complete,Fridolina Rolfö,Lisa Fjeldstad Naalsund,Manchester United,FAWSL (FA Women's Super League),2025/2026,Manchester United vs. Aston Villa,2025-11-08,47,29,91.8000030517578,4.90000009536743,102,18.6,true,ground,17.08,1242,left_foot,true,true,true,96.92497098271426,true,41.98154356380909
pass,complete,Fridolina Rolfö,Elisabeth Terland,Manchester United,FAWSL (FA Women's Super League),2025/2026,Brighton & Hove Albion WFC vs. Manchester United,2025-11-02,83,46,99.5,17.3999996185303,113.7,44.4,true,high,30.51,1980,left_foot,true,true,true,101.22356445018126,true,27.680498550423547
pass,out,Rachel Williams,Jayde Yuk Fun Riviere,Manchester United,FAWSL (FA Women's Super League),2025/2026,Manchester United vs. Aston Villa,2025-11-08,95,51,100.199996948242,52.4000015258789,119.9,54.3,true,low,19.79,3120,,true,true,true,100.55147935261819,true,21.508137994721903
pass,incomplete,Gabrielle George,,Manchester United,FAWSL (FA Women's Super League),2025/2026,Manchester United vs. Aston Villa,2025-11-08,5,44,106.099998474121,13.8000001907349,110.2,37.3,true,low,23.85,1252,right_foot,true,true,true,108.39764757595064,true,26.192556194461055
pass,out,Gabrielle George,,Manchester United,FAWSL (FA Women's Super League),2025/2026,Manchester United vs. Arsenal WFC,2025-09-21,95,59,106.199996948242,3.79999995231628,120,33.9,true,high,33.11,2456,left_foot,true,true,true,110.97423124311338,true,35.03255628697398
pass,incomplete,Gabrielle George,,Manchester United,FAWSL (FA Women's Super League),2025/2026,Manchester United vs. Aston Villa,2025-11-08,21,13,113,10.1000003814697,106.4,38.2,true,high,28.86,1491,left_foot,true,true,true,115.93019451376763,true,26.82927505543152
pass,complete,Gabrielle George,Elisabeth Terland,Manchester United,FAWSL (FA Women's Super League),2025/2026,London City Lionesses vs. Manchester United,2025-09-14,84,34,90.5999984741211,3.5,109,20.2,true,ground,24.85,1615,right_foot,true,true,true,96.25284411382346,true,43.82476468847266
pass,complete,Gabrielle George,Simisola Feyishayo Awujo,Manchester United,FAWSL (FA Women's Super League),2025/2026,Brighton & Hove Albion WFC vs. Manchester United,2025-11-02,90,55,103.5,0.80000001192093,108.3,41,true,high,40.49,2184,left_foot,true,true,true,109.32195570881451,true,38.87531350355904
pass,incomplete,Hannah Blundell,,Manchester United,FAWSL (FA Women's Super League),2025/2026,Manchester City WFC vs. Manchester United,2025-11-15,68,57,101.400001525879,68.6999969482422,116.5,40.2,true,high,32.25,1945,right_foot,true,true,true,104.36498454941677,true,30.920058214692933
pass,incomplete,Hannah Blundell,,Manchester United,FAWSL (FA Women's Super League),2025/2026,Brighton & Hove Albion WFC vs. Manchester United,2025-11-02,80,14,107.599998474121,70.6999969482422,111.6,43.2,true,high,27.79,1765,right_foot,true,true,true,110.86320399483319,true,29.438919817140032
pass,complete,Hannah Blundell,Simisola Feyishayo Awujo,Manchester United,FAWSL (FA Women's Super League),2025/2026,Manchester City WFC vs. Manchester United,2025-11-15,89,5,112.300003051758,64.4000015258789,103.7,59.6,true,ground,9.85,1022,right_foot,true,true,true,114.13785524531289,true,21.80481598179632
pass,complete,Jessica Park,Anna Sandberg,Manchester United,FAWSL (FA Women's Super League),2025/2026,Brighton & Hove Albion WFC vs. Manchester United,2025-11-02,26,49,89.3000030517578,33.2000007629395,105.5,23.9,true,ground,18.68,1227,right_foot,true,true,true,89.34388619262093,true,30.827422856930486
pass,complete,Jessica Park,Fridolina Rolfö,Manchester United,FAWSL (FA Women's Super League),2025/2026,London City Lionesses vs. Manchester United,2025-09-14,82,15,80.5999984741211,26.7000007629395,102.5,24.2,true,ground,22.04,1446,right_foot,true,true,true,81.13476443547488,true,40.48271235972215
pass,complete,Jessica Park,Jayde Yuk Fun Riviere,Manchester United,FAWSL (FA Women's Super League),2025/2026,Manchester United vs. Tottenham Hotspur Women,2025-12-14,82,37,93.5999984741211,46.0999984741211,109.4,61.9,true,ground,22.34,1589.1700000003912,right_foot,true,true,true,93.62355472849767,true,26.483391021544055
pass,complete,Jessica Park,Ella Toone,Manchester United,FAWSL (FA Women's Super League),2025/2026,Manchester United vs. Tottenham Hotspur Women,2025-12-14,46,1,97.8000030517578,60.9000015258789,106.9,60.9,true,low,9.1,977.536,right_foot,true,true,true,99.24943324775211,true,27.900716836669268
pass,complete,Jessica Park,Melvine Malard,Manchester United,FAWSL (FA Women's Super League),2025/2026,London City Lionesses vs. Manchester United,2025-09-14,46,27,92.3000030517578,42.7999992370605,108.2,47.3,true,ground,16.52,1059,right_foot,true,true,true,92.3,true,27.700000000000003
pass,incomplete,Jessica Park,,Manchester United,FAWSL (FA Women's Super League),2025/2026,Manchester United vs. Tottenham Hotspur Women,2025-12-14,63,57,112.099998474121,8.69999980926514,106.1,23.6,true,ground,16.06,644.8279999999795,right_foot,true,true,true,115.376340728938,true,28.42006333560853
pass,incomplete,Jessica Park,Melvine Malard,Manchester United,FAWSL (FA Women's Super League),2025/2026,Everton LFC vs. Manchester United,2025-10-12,73,20,92.4000015258789,20.2999992370605,105.8,34,true,high,19.16,766.0120000001043,right_foot,true,true,true,93.72432981888961,true,31.75295261861485
pass,complete,Jessica Park,Melvine Malard,Manchester United,FAWSL (FA Women's Super League),2025/2026,Manchester United vs. West Ham United LFC,2025-12-07,35,41,116.5,69.1999969482422,108.6,32.8,true,high,37.25,2151,right_foot,true,true,true,119.19433711380755,true,25.44189458354075
pass,incomplete,Jessica Park,,Manchester United,FAWSL (FA Women's Super League),2025/2026,Brighton & Hove Albion WFC vs. Manchester United,2025-11-02,51,1,96,67.1999969482422,109.9,33,true,high,36.92,2273,right_foot,true,true,true,98.76355603156459,true,33.380233672040106
pass,out,Jessica Park,,Manchester United,FAWSL (FA Women's Super League),2025/2026,Manchester United vs. Aston Villa,2025-11-08,7,23,112.599998474121,75.1999969482422,120,35.1,true,high,40.78,2300,right_foot,true,true,true,116.84262920698079,true,32.065557846387144
pass,out,Jessica Park,,Manchester United,FAWSL (FA Women's Super League),2025/2026,Liverpool WFC vs. Manchester United,2025-09-28,55,54,116,63.4000015258789,120,51,true,high,13.03,473,right_foot,true,true,true,117.6110539022587,true,19.808079159777204
pass,complete,Jessica Park,Fridolina Rolfö,Manchester United,FAWSL (FA Women's Super League),2025/2026,Manchester United vs. Chelsea FCW,2025-10-03,29,8,93.0999984741211,38.4000015258789,104.6,21.2,true,ground,20.69,1615,right_foot,true,true,true,93.1,true,26.900000000000006
pass,complete,Jessica Park,Ella Toone,Manchester United,FAWSL (FA Women's Super League),2025/2026,Manchester United vs. Tottenham Hotspur Women,2025-12-14,73,18,99.3000030517578,30.2000007629395,102.8,25.2,true,ground,6.1,642.8800000001211,right_foot,true,true,true,99.46924147695105,true,21.497209121185943
pass,complete,Jessica Park,Melvine Malard,Manchester United,FAWSL (FA Women's Super League),2025/2026,London City Lionesses vs. Manchester United,2025-09-14,33,35,89.9000015258789,69,106,55.4,true,ground,21.08,871,right_foot,true,true,true,93.31136050878266,true,39.12812287856395
pass,complete,Jessica Park,Elisabeth Terland,Manchester United,FAWSL (FA Women's Super League),2025/2026,Liverpool WFC vs. Manchester United,2025-09-28,27,14,92.1999969482422,30.2000007629395,103.3,34.7,true,ground,11.98,675,right_foot,true,true,true,92.38224937724779,true,28.398591514369155
pass,incomplete,Jessica Park,Ella Toone,Manchester United,FAWSL (FA Women's Super League),2025/2026,Brighton & Hove Albion WFC vs. Manchester United,2025-11-02,20,35,101.900001525879,31.3999996185303,104.3,27.1,true,ground,4.92,902,right_foot,true,true,true,102.00377443996864,true,18.67538486885879
pass,complete,Jessica Park,Elisabeth Terland,Manchester United,FAWSL (FA Women's Super League),2025/2026,Brighton & Hove Albion WFC vs. Manchester United,2025-11-02,38,2,92.4000015258789,46.7000007629395,102.1,40,true,ground,11.79,708,right_foot,true,true,true,92.43943963482255,true,27.731750756127887
pass,complete,Jessica Park,Elisabeth Terland,Manchester United,FAWSL (FA Women's Super League),2025/2026,Manchester United vs. Leicester City WFC,2025-09-07,92,29,117.900001525879,71.5,113.1,43.1,true,high,28.8,1477,right_foot,true,true,true,121.06469344941159,true,27.580065264607335
pass,incomplete,Jessica Park,,Manchester United,FAWSL (FA Women's Super League),2025/2026,Manchester United vs. Tottenham Hotspur Women,2025-12-14,3,21,114.5,72.6999969482422,111.33,45.71,true,low,27.18,1521.7570000000123,right_foot,true,true,true,118.04211112988449,true,29.222251795506796
pass,complete,Jessica Park,Ella Toone,Manchester United,FAWSL (FA Women's Super League),2025/2026,Manchester United vs. Aston Villa,2025-11-08,74,40,91.6999969482422,8.69999980926514,103.5,20.7,true,ground,16.83,1411,right_foot,true,true,true,95.6774790637797,true,39.32149539374107
pass,complete,Jessica Park,Ella Toone,Manchester United,FAWSL (FA Women's Super League),2025/2026,Manchester United vs. West Ham United LFC,2025-12-07,8,11,99.4000015258789,58.7000007629395,105.6,49.2,true,ground,11.34,898,right_foot,true,true,true,100.4810927488351,true,25.30711362443374
pass,complete,Jessica Park,Ella Toone,Manchester United,FAWSL (FA Women's Super League),2025/2026,Brighton & Hove Albion WFC vs. Manchester United,2025-11-02,16,0,97.6999969482422,47.7999992370605,106.7,51.5,true,ground,9.73,1372,right_foot,true,true,true,97.77387176541595,true,22.621449997734448
pass,complete,Jessica Park,Elisabeth Terland,Manchester United,FAWSL (FA Women's Super League),2025/2026,Brighton & Hove Albion WFC vs. Manchester United,2025-11-02,18,40,90.8000030517578,57.0999984741211,109,51.8,true,ground,18.96,1772,right_foot,true,true,true,91.74012208406963,true,32.003906011610525
pass,complete,Jessica Park,Ella Toone,Manchester United,FAWSL (FA Women's Super League),2025/2026,Brighton & Hove Albion WFC vs. Manchester United,2025-11-02,57,50,95.1999969482422,63.4000015258789,109.1,48,true,ground,20.75,1609,right_foot,true,true,true,97.15657466172838,true,31.48650504581288
pass,complete,Jessica Park,Leah Galton,Manchester United,FAWSL (FA Women's Super League),2025/2026,Manchester United vs. Tottenham Hotspur Women,2025-12-14,93,53,95.0999984741211,28.2000007629395,112.8,25.9,true,ground,17.85,1466.591000000015,right_foot,true,true,true,95.419337662761,true,26.09310253687745
pass,incomplete,Jessica Park,,Manchester United,FAWSL (FA Women's Super League),2025/2026,Manchester United vs. Tottenham Hotspur Women,2025-12-14,44,29,94.6999969482422,67.4000015258789,102,49.54,true,ground,19.29,1090.226000000257,right_foot,true,true,true,97.5481932175066,true,34.462298240250895
pass,incomplete,Jessica Park,,Manchester United,FAWSL (FA Women's Super League),2025/2026,Manchester United vs. Tottenham Hotspur Women,2025-12-14,90,41,94.3000030517578,60.5999984741211,112.9,40.6,true,high,27.31,1616.1359999999404,right_foot,true,true,true,95.74993472582631,true,30.59493422120728
pass,incomplete,Jessica Park,,Manchester United,FAWSL (FA Women's Super League),2025/2026,Manchester City WFC vs. Manchester United,2025-11-15,49,6,111.099998474121,76.4000015258789,110.8,49,true,high,27.4,1028,right_foot,true,true,true,115.7280000691276,true,33.60014880919429
pass,incomplete,Maya Le Tissier,Ella Toone,Manchester United,FAWSL (FA Women's Super League),2025/2026,Everton LFC vs. Manchester United,2025-10-12,51,21,85.3000030517578,44.2000007629395,109.4,32.8,true,high,26.66,1485.478999999992,right_foot,true,true,true,85.30023446626626,true,34.7005763640894
pass,incomplete,Maya Le Tissier,,Manchester United,FAWSL (FA Women's Super League),2025/2026,Liverpool WFC vs. Manchester United,2025-09-28,21,56,85.8000030517578,67,105,33.6,true,high,38.53,1888,right_foot,true,true,true,88.82927445386458,true,41.21456053386958
pass,incomplete,Maya Le Tissier,,Manchester United,FAWSL (FA Women's Super League),2025/2026,Everton LFC vs. Manchester United,2025-10-12,20,17,85.6999969482422,71.4000015258789,115.5,35.73,true,high,46.48,2471.1429999999236,right_foot,true,true,true,89.97360724123492,true,43.900455578501685
pass,incomplete,Maya Le Tissier,,Manchester United,FAWSL (FA Women's Super League),2025/2026,Manchester City WFC vs. Manchester United,2025-11-15,94,11,82.6999969482422,48.7999992370605,104.6,42.4,true,high,22.82,1777,right_foot,true,true,true,82.83918155076135,true,37.60757902338303
pass,incomplete,Maya Le Tissier,,Manchester United,FAWSL (FA Women's Super League),2025/2026,Manchester United vs. Chelsea FCW,2025-10-03,19,4,99.9000015258789,62.7000007629395,107.7,39,true,high,24.95,1779,right_foot,true,true,true,101.63513172127048,true,27.453597214208557
pass,incomplete,Maya Le Tissier,,Manchester United,FAWSL (FA Women's Super League),2025/2026,Manchester United vs. West Ham United LFC,2025-12-07,26,44,90.5999984741211,61,102.7,43.5,true,ground,21.28,961,right_foot,true,true,true,92.18112605083537,true,33.961154279558876
pass,incomplete,Ella Toone,,Manchester United,FAWSL (FA Women's Super League),2025/2026,Manchester United vs. Leicester City WFC,2025-09-07,67,10,105.5,15.1999998092651,112.4,41,true,high,26.71,1940,right_foot,true,true,true,107.53087928590558,true,25.355275585171622
pass,complete,Ella Toone,Jessica Park,Manchester United,FAWSL (FA Women's Super League),2025/2026,Everton LFC vs. Manchester United,2025-10-12,90,31,85.0999984741211,25,105.4,44.2,true,high,27.94,1469.7280000001192,right_foot,true,true,true,85.80798331157771,true,36.59248556739485
pass,incomplete,Ella Toone,,Manchester United,FAWSL (FA Women's Super League),2025/2026,Liverpool WFC vs. Manchester United,2025-09-28,23,10,95,13.6999998092651,108.7,30.2,true,high,21.45,894,right_foot,true,true,true,97.58222174146273,true,33.50059700960566
pass,incomplete,Ella Toone,,Manchester United,FAWSL (FA Women's Super League),2025/2026,Manchester United vs. West Ham United LFC,2025-12-07,68,53,92,16.5,115.9,46.3,true,high,38.2,1820,right_foot,true,true,true,94.04387274033327,true,34.121107836645635
pass,complete,Ella Toone,Lisa Fjeldstad Naalsund,Manchester United,FAWSL (FA Women's Super League),2025/2026,Manchester United vs. Leicester City WFC,2025-09-07,78,14,99,59.4000015258789,109.6,60.2,true,ground,10.63,860,right_foot,true,true,true,100.19061832327417,true,26.041505332833584
pass,incomplete,Ella Toone,,Manchester United,FAWSL (FA Women's Super League),2025/2026,Manchester United vs. Leicester City WFC,2025-09-07,25,49,103.900001525879,2.40000009536743,106,23.3,true,high,21.01,1470,right_foot,true,true,true,109.1978479641426,true,37.258153470079534
pass,complete,Ella Toone,Fridolina Rolfö,Manchester United,FAWSL (FA Women's Super League),2025/2026,Everton LFC vs. Manchester United,2025-10-12,59,54,87.5999984741211,35.2999992370605,105.4,21.7,true,ground,22.4,1123.4400000000603,right_foot,true,true,true,87.60279675900763,true,32.40756084619761
pass,complete,Ella Toone,Jessica Park,Manchester United,FAWSL (FA Women's Super League),2025/2026,Manchester United vs. Chelsea FCW,2025-10-03,3,27,95.8000030517578,45.4000015258789,115.2,49.8,true,ground,19.89,2270,right_foot,true,true,true,95.81022909898503,true,24.240462041801102
pass,incomplete,Ella Toone,Fridolina Rolfö,Manchester United,FAWSL (FA Women's Super League),2025/2026,Manchester United vs. Arsenal WFC,2025-09-21,46,52,111.199996948242,14.8000001907349,110.9,24.1,true,low,9.3,661,right_foot,true,true,true,113.20282681982813,true,22.953866776645715
pass,incomplete,Ella Toone,,Manchester United,FAWSL (FA Women's Super League),2025/2026,Manchester United vs. Arsenal WFC,2025-09-21,5,13,104.400001525879,62.7000007629395,103.1,50.1,true,ground,12.67,1062,left_foot,true,true,true,106.06153874048783,true,24.35261792908516
pass,complete,Ella Toone,Julia Zigiotti-Olme,Manchester United,FAWSL (FA Women's Super League),2025/2026,Liverpool WFC vs. Manchester United,2025-09-28,38,48,111.900001525879,5.59999990463257,102.2,21.4,true,ground,18.54,1417,left_foot,true,true,true,115.95589678839106,true,31.460610292872577
pass,complete,Ella Toone,Jessica Park,Manchester United,FAWSL (FA Women's Super League),2025/2026,London City Lionesses vs. Manchester United,2025-09-14,52,18,101.199996948242,41.5,106.1,46,true,low,6.65,1365,head,true,true,true,101.2,true,18.799999999999997
pass,incomplete,Ella Toone,,Manchester United,FAWSL (FA Women's Super League),2025/2026,Manchester United vs. West Ham United LFC,2025-12-07,80,17,86.9000015258789,15.6999998092651,109.5,34.6,true,high,29.46,1367,right_foot,true,true,true,89.23956521633215,true,38.82911278924616
pass,complete,Ella Toone,Fridolina Rolfö,Manchester United,FAWSL (FA Women's Super League),2025/2026,Manchester United vs. Aston Villa,2025-11-08,16,36,111.400001525879,17.6000003814697,104,33.1,true,ground,17.18,1885,right_foot,true,true,true,112.90934416601667,true,20.310588371585887
pass,complete,Ella Toone,Anna Sandberg,Manchester United,FAWSL (FA Women's Super League),2025/2026,London City Lionesses vs. Manchester United,2025-09-14,1,0,114.5,10.1000003814697,109.9,21.2,true,ground,12.02,946,right_foot,true,true,true,117.3927595723007,true,26.477537649864647
pass,incomplete,Ella Toone,,Manchester United,FAWSL (FA Women's Super League),2025/2026,Manchester United vs. Aston Villa,2025-11-08,36,57,85.5999984741211,36.5,102.4,44.3,true,high,18.52,1754,right_foot,true,true,true,85.6,true,34.400000000000006
pass,incomplete,Ella Toone,,Manchester United,FAWSL (FA Women's Super League),2025/2026,Manchester City WFC vs. Manchester United,2025-11-15,38,16,97.8000030517578,34.9000015258789,102.7,43,true,ground,9.47,974,right_foot,true,true,true,97.80618589843895,true,22.227235545609357
pass,pass_offside,Ella Toone,Melvine Malard,Manchester United,FAWSL (FA Women's Super League),2025/2026,Liverpool WFC vs. Manchester United,2025-09-28,36,59,94.9000015258789,24.6000003814697,104.2,24.1,true,ground,9.31,1011,right_foot,true,true,true,95.58226823004358,true,27.56755339162327
pass,complete,Ella Toone,Melvine Malard,Manchester United,FAWSL (FA Women's Super League),2025/2026,Manchester United vs. West Ham United LFC,2025-12-07,40,38,101.900001525879,11.6000003814697,104.2,19.9,true,ground,8.61,898,right_foot,true,true,true,104.78058026180234,true,30.38042132690065
pass,pass_offside,Ella Toone,Elisabeth Terland,Manchester United,FAWSL (FA Women's Super League),2025/2026,Manchester City WFC vs. Manchester United,2025-11-15,36,17,93.5999984741211,15.6999998092651,106.1,34.7,true,high,22.74,1267,right_foot,true,true,true,95.776040845297,true,33.302402315748935
pass,complete,Ella Toone,Jessica Park,Manchester United,FAWSL (FA Women's Super League),2025/2026,Liverpool WFC vs. Manchester United,2025-09-28,3,37,105.199996948242,75.3000030517578,118.8,59.3,true,ground,21,2842,right_foot,true,true,true,109.75759654802943,true,34.62268042771963
pass,incomplete,Ella Toone,Leah Galton,Manchester United,FAWSL (FA Women's Super League),2025/2026,Manchester United vs. Aston Villa,2025-11-08,58,51,92,26.2000007629395,110.6,23.6,true,ground,18.78,2192,right_foot,true,true,true,92.52048421836108,true,29.665468140583926
pass,complete,Ella Toone,Celin Bizet Ildhusøy,Manchester United,FAWSL (FA Women's Super League),2025/2026,London City Lionesses vs. Manchester United,2025-09-14,33,38,99.5,38.9000015258789,105.3,27.8,true,ground,12.52,977,right_foot,true,true,true,99.5,true,20.5
pass,incomplete,Ella Toone,,Manchester United,FAWSL (FA Women's Super League),2025/2026,Manchester United vs. Chelsea FCW,2025-10-03,30,18,93.9000015258789,18.2999992370605,116.5,35.3,true,high,28.28,1856,right_foot,true,true,true,95.55364985179791,true,31.535694062442953
pass,incomplete,Ella Toone,,Manchester United,FAWSL (FA Women's Super League),2025/2026,Liverpool WFC vs. Manchester United,2025-09-28,1,43,112.5,15.3999996185303,114.2,34.4,true,high,19.08,882,left_foot,true,true,true,114.37049444677592,true,21.922819161777532
pass,incomplete,Ella Toone,,Manchester United,FAWSL (FA Women's Super League),2025/2026,Manchester United vs. Chelsea FCW,2025-10-03,77,55,91.4000015258789,56.5999984741211,102.5,43.1,true,high,17.48,597,right_foot,true,true,true,92.26440266971873,true,31.25251989840179
pass,complete,Ella Toone,Melvine Malard,Manchester United,FAWSL (FA Women's Super League),2025/2026,Liverpool WFC vs. Manchester United,2025-09-28,31,50,101.800003051758,6.19999980926514,111.5,20.5,true,ground,17.28,1856,right_foot,true,true,true,106.07205098422487,true,34.91819010200844
pass,complete,Ella Toone,Jayde Yuk Fun Riviere,Manchester United,FAWSL (FA Women's Super League),2025/2026,Manchester United vs. West Ham United LFC,2025-12-07,18,37,93.5,52.2000007629395,110.4,59,true,ground,18.22,2408,right_foot,true,true,true,93.85888343678504,true,27.73968276675132
pass,incomplete,Ella Toone,,Manchester United,FAWSL (FA Women's Super League),2025/2026,Manchester United vs. Aston Villa,2025-11-08,47,37,114,15.8999996185303,113,32,true,high,16.13,1227,left_foot,true,true,true,115.75841222131548,true,20.97641532769601
pass,incomplete,Ella Toone,,Manchester United,FAWSL (FA Women's Super League),2025/2026,Manchester United vs. Arsenal WFC,2025-09-21,5,25,103.699996948242,75.9000015258789,111.9,50.9,true,high,26.31,1757,right_foot,true,true,true,108.49562203149029,true,35.82317685521484
pass,incomplete,Ella Toone,,Manchester United,FAWSL (FA Women's Super League),2025/2026,Manchester United vs. Aston Villa,2025-11-08,8,5,105.900001525879,10.3000001907349,111,37.1,true,low,27.28,1536,left_foot,true,true,true,108.97385007422653,true,29.31381926668717
pass,complete,Ella Toone,Maya Le Tissier,Manchester United,FAWSL (FA Women's Super League),2025/2026,Manchester United vs. Tottenham Hotspur Women,2025-12-14,95,53,100.300003051758,70.9000015258789,105.4,57.7,true,ground,14.15,875.9440000001341,left_foot,true,true,true,103.84459542990189,true,33.342165496560064
pass,incomplete,Ella Toone,,Manchester United,FAWSL (FA Women's Super League),2025/2026,Manchester United vs. Aston Villa,2025-11-08,35,59,99.1999969482422,8.39999961853027,107.4,27.3,true,low,20.6,801,right_foot,true,true,true,102.96795618055164,true,34.56009259246856
pass,complete,Ella Toone,Melvine Malard,Manchester United,FAWSL (FA Women's Super League),2025/2026,Brighton & Hove Albion WFC vs. Manchester United,2025-11-02,10,30,116.099998474121,63.9000015258789,111.2,31,true,high,33.26,2265,right_foot,true,true,true,117.7931237381877,true,20.27856010667424
pass,incomplete,Ella Toone,,Manchester United,FAWSL (FA Women's Super League),2025/2026,Manchester United vs. Leicester City WFC,2025-09-07,85,42,97.1999969482422,26.5,106.9,25.6,true,ground,9.74,1319,right_foot,true,true,true,97.66314555655066,true,24.7
pass,complete,Ella Toone,Julia Zigiotti-Olme,Manchester United,FAWSL (FA Women's Super League),2025/2026,Manchester United vs. Chelsea FCW,2025-10-03,61,52,91.6999969482422,49.5999984741211,102.9,55.7,true,ground,12.75,1143,right_foot,true,true,true,91.87083323884683,true,28.848743473503312
pass,complete,Melvine Malard,Ella Toone,Manchester United,FAWSL (FA Women's Super League),2025/2026,Everton LFC vs. Manchester United,2025-10-12,66,21,106.300003051758,71.6999969482422,104.9,60.7,true,ground,11.09,897.9139999998733,right_foot,true,true,true,109.84980655422203,true,30.902750686629826
pass,incomplete,Melvine Malard,,Manchester United,FAWSL (FA Women's Super League),2025/2026,Manchester United vs. Leicester City WFC,2025-09-07,3,44,112.199996948242,9.10000038146973,115,40.3,true,high,31.33,1692,left_foot,true,true,true,115.37959091624481,true,28.008034561532515
pass,incomplete,Melvine Malard,,Manchester United,FAWSL (FA Women's Super League),2025/2026,Manchester United vs. Leicester City WFC,2025-09-07,80,5,117,10.5,113.1,37.7,true,high,27.48,1428,left_foot,true,true,true,119.74660746760219,true,25.675864152935535
pass,complete,Melvine Malard,Ella Toone,Manchester United,FAWSL (FA Women's Super League),2025/2026,Manchester United vs. West Ham United LFC,2025-12-07,68,39,97.5,21.5,107.9,22.9,true,ground,10.49,465,left_foot,true,true,true,98.5723084846855,true,26.767517628648346
pass,incomplete,Melvine Malard,,Manchester United,FAWSL (FA Women's Super League),2025/2026,Manchester United vs. Leicester City WFC,2025-09-07,44,30,110.599998474121,9.80000019073486,113.6,39.1,true,high,29.45,1638,left_foot,true,true,true,113.66089916941533,true,27.83522947633089
pass,incomplete,Melvine Malard,,Manchester United,FAWSL (FA Women's Super League),2025/2026,Manchester United vs. Leicester City WFC,2025-09-07,11,43,88.8000030517578,1.5,109.3,23.1,true,ground,29.78,1460,right_foot,true,true,true,95.26641590823074,true,46.515481293866024
pass,incomplete,Melvine Malard,,Manchester United,FAWSL (FA Women's Super League),2025/2026,Manchester United vs. Tottenham Hotspur Women,2025-12-14,21,55,115.199996948242,7.69999980926514,111.67,32.21,true,low,24.76,982.3840000000782,left_foot,true,true,true,118.62516596405672,true,28.704180880143575
pass,incomplete,Melvine Malard,,Manchester United,FAWSL (FA Women's Super League),2025/2026,Manchester United vs. Tottenham Hotspur Women,2025-12-14,18,29,110.5,10.1999998092651,107,43.04,true,high,33.03,1555.7660000000617,left_foot,true,true,true,113.4719789199078,true,27.493453766305898
pass,complete,Melvine Malard,Elisabeth Terland,Manchester United,FAWSL (FA Women's Super League),2025/2026,Everton LFC vs. Manchester United,2025-10-12,32,47,89.3000030517578,43.5999984741211,103.42779805801374,46.86776802349771,true,ground,14.5,1329.4099999999162,right_foot,true,true,true,89.3,true,30.700000000000003
pass,complete,Melvine Malard,Elisabeth Terland,Manchester United,FAWSL (FA Women's Super League),2025/2026,Manchester United vs. Tottenham Hotspur Women,2025-12-14,6,38,92.1999969482422,30.8999996185303,106.17,43.88,true,low,19.07,1180.2960000000312,left_foot,true,true,true,92.34094433132033,true,28.263934616397624
pass,incomplete,Melvine Malard,,Manchester United,FAWSL (FA Women's Super League),2025/2026,Liverpool WFC vs. Manchester United,2025-09-28,62,21,109.599998474121,12.8000001907349,116,40.2,true,high,28.14,1188,left_foot,true,true,true,112.02856778518593,true,25.424397731313128
pass,incomplete,Melvine Malard,Elisabeth Terland,Manchester United,FAWSL (FA Women's Super League),2025/2026,Everton LFC vs. Manchester United,2025-10-12,3,45,92.1999969482422,57.4000015258789,104.83,43.23,true,ground,18.98,826.073000000004,left_foot,true,true,true,93.1686642600397,true,30.860978597575283
pass,incomplete,Melvine Malard,,Manchester United,FAWSL (FA Women's Super League),2025/2026,Manchester United vs. Aston Villa,2025-11-08,71,49,108.599998474121,73.1999969482422,113,36.4,true,low,37.06,1946,right_foot,true,true,true,112.45710293262938,true,31.346451154795822
pass,incomplete,Melvine Malard,,Manchester United,FAWSL (FA Women's Super League),2025/2026,Arsenal WFC vs. Manchester United,2026-01-10,5,5,105.300003051758,64.9000015258789,111.8,37.2,true,high,28.45,1071.8030000000144,left_foot,true,true,true,107.35408702047631,true,25.55190795224498
pass,complete,Melvine Malard,Ella Toone,Manchester United,FAWSL (FA Women's Super League),2025/2026,Manchester United vs. Tottenham Hotspur Women,2025-12-14,59,8,111.300003051758,7.19999980926514,114.6,23.4,true,ground,16.53,1509.8699999999951,right_foot,true,true,true,114.96577751661579,true,30.08537850850476
pass,complete,Melvine Malard,Elisabeth Terland,Manchester United,FAWSL (FA Women's Super League),2025/2026,Manchester United vs. Leicester City WFC,2025-09-07,82,41,116.5,15.1999998092651,109.7,36,true,ground,21.88,1765,left_foot,true,true,true,118.34225787942361,true,21.092415698539607
pass,complete,Melvine Malard,Jessica Park,Manchester United,FAWSL (FA Women's Super League),2025/2026,Manchester City WFC vs. Manchester United,2025-11-15,70,47,92.1999969482422,38.2000007629395,103.6,51.2,true,high,17.29,1415,right_foot,true,true,true,92.2,true,27.799999999999997
pass,incomplete,Melvine Malard,Elisabeth Terland,Manchester United,FAWSL (FA Women's Super League),2025/2026,Everton LFC vs. Manchester United,2025-10-12,17,52,92.1999969482422,74.3000030517578,104.5,41.92,true,high,34.64,1430.3240000000224,right_foot,true,true,true,97.05117206917184,true,41.12091925042532
pass,incomplete,Melvine Malard,,Manchester United,FAWSL (FA Women's Super League),2025/2026,Brighton & Hove Albion WFC vs. Manchester United,2025-11-02,27,30,117,71.4000015258789,115,39.1,true,high,32.36,1448,right_foot,true,true,true,120.16555246825106,true,27.563744302978876
pass,complete,Melvine Malard,Julia Zigiotti-Olme,Manchester United,FAWSL (FA Women's Super League),2025/2026,Manchester United vs. Leicester City WFC,2025-09-07,48,38,116.5,16.2999992370605,109.4,36,true,ground,20.94,1386,left_foot,true,true,true,118.1538827123341,true,20.008498194517248
pass,incomplete,Melvine Malard,,Manchester United,FAWSL (FA Women's Super League),2025/2026,Manchester United vs. Chelsea FCW,2025-10-03,73,12,114.199996948242,69.9000015258789,116.1,50.2,true,high,19.79,673,right_foot,true,true,true,117.10017079406845,true,26.541476974727694
pass,incomplete,Melvine Malard,,Manchester United,FAWSL (FA Women's Super League),2025/2026,Manchester United vs. Tottenham Hotspur Women,2025-12-14,66,19,119.300003051758,7.90000009536743,116.9,36.1,true,low,28.3,1933.0779999999795,left_foot,true,true,true,122.56467680371861,true,28.108717508986427
pass,incomplete,Melvine Malard,,Manchester United,FAWSL (FA Women's Super League),2025/2026,Manchester United vs. Leicester City WFC,2025-09-07,0,18,110.599998474121,15.1000003814697,110.3,29.7,true,ground,14.6,746,left_foot,true,true,true,112.55740757497927,true,22.916587878652443
pass,complete,Melvine Malard,Julia Zigiotti-Olme,Manchester United,FAWSL (FA Women's Super League),2025/2026,Liverpool WFC vs. Manchester United,2025-09-28,30,15,95.3000030517578,14,111.6,40.9,true,high,31.45,1333,right_foot,true,true,true,97.80639038426887,true,33.07703130572634
pass,incomplete,Melvine Malard,Elisabeth Terland,Manchester United,FAWSL (FA Women's Super League),2025/2026,Manchester United vs. Tottenham Hotspur Women,2025-12-14,11,36,91.6999969482422,11.5,105.17,24.71,true,low,18.87,711.8040000000037,left_foot,true,true,true,94.91648961060454,true,37.43180465860549
pass,out,Melvine Malard,,Manchester United,FAWSL (FA Women's Super League),2025/2026,Manchester United vs. Leicester City WFC,2025-09-07,38,12,98.4000015258789,6.59999990463257,120,55.9,true,high,53.82,4017,right_foot,true,true,true,102.69819862100796,true,36.48177627254462
pass,incomplete,Melvine Malard,,Manchester United,FAWSL (FA Women's Super League),2025/2026,Manchester United vs. West Ham United LFC,2025-12-07,40,40,100.800003051758,22.3999996185303,102.6,20.8,true,ground,2.41,403,right_foot,true,true,true,101.71332262786423,true,23.52870587176439
pass,incomplete,Lea Schüller,,Manchester United,FAWSL (FA Women's Super League),2025/2026,Arsenal WFC vs. Manchester United,2026-01-10,92,39,109.300003051758,63.5,108.17,52.69,true,high,10.87,1385.972000000067,head,true,true,true,111.02585284518196,true,22.242751628339512
pass,incomplete,Jayde Yuk Fun Riviere,,Manchester United,FAWSL (FA Women's Super League),2025/2026,Manchester United vs. Tottenham Hotspur Women,2025-12-14,88,6,112.900001525879,64.4000015258789,113.8,41.1,true,high,23.32,1340.192000000272,right_foot,true,true,true,114.72824412497562,true,21.600231480241135
pass,out,Jayde Yuk Fun Riviere,,Manchester United,FAWSL (FA Women's Super League),2025/2026,Manchester City WFC vs. Manchester United,2025-11-15,7,43,92.3000030517578,75.3000030517578,119.9,42.9,true,high,42.56,2500,right_foot,true,true,true,97.46271081803542,true,41.79688983644596
pass,complete,Jayde Yuk Fun Riviere,Leah Galton,Manchester United,FAWSL (FA Women's Super League),2025/2026,Manchester City WFC vs. Manchester United,2025-11-15,6,1,105.900001525879,65.5,111.3,43.6,true,ground,22.56,1016,right_foot,true,true,true,108.06044604757099,true,25.711087102648925
pass,complete,Jayde Yuk Fun Riviere,Fridolina Rolfö,Manchester United,FAWSL (FA Women's Super League),2025/2026,Everton LFC vs. Manchester United,2025-10-12,30,8,82.8000030517578,70.8000030517578,104.67,35.25,true,high,41.74,2361.228000000119,right_foot,true,true,true,87.02919050525519,true,45.848445993294035
pass,incomplete,Jayde Yuk Fun Riviere,Elisabeth Terland,Manchester United,FAWSL (FA Women's Super League),2025/2026,Everton LFC vs. Manchester United,2025-10-12,42,18,105.800003051758,68.0999984741211,115.67,38.25,true,high,31.44,2124.2019999995828,right_foot,true,true,true,108.51013777523278,true,27.972307734614958
pass,incomplete,Jayde Yuk Fun Riviere,,Manchester United,FAWSL (FA Women's Super League),2025/2026,Liverpool WFC vs. Manchester United,2025-09-28,23,1,109.699996948242,67.3000030517578,108,37.5,true,high,29.85,760,right_foot,true,true,true,112.14713549618644,true,25.475085868353805
pass,incomplete,Jayde Yuk Fun Riviere,,Manchester United,FAWSL (FA Women's Super League),2025/2026,Manchester United vs. West Ham United LFC,2025-12-07,29,28,115.900001525879,65.1999969482422,111.3,40.1,true,high,25.52,1039,right_foot,true,true,true,117.82296041094877,true,21.592822881689184
pass,out,Jayde Yuk Fun Riviere,,Manchester United,FAWSL (FA Women's Super League),2025/2026,Manchester United vs. West Ham United LFC,2025-12-07,58,8,117.5,72.5999984741211,120,51.6,true,high,21.15,1139,right_foot,true,true,true,120.9305999323579,true,28.70905780411471
pass,incomplete,Jayde Yuk Fun Riviere,,Manchester United,FAWSL (FA Women's Super League),2025/2026,Manchester United vs. Tottenham Hotspur Women,2025-12-14,45,56,116.400001525879,70.4000015258789,115.9,42.2,true,high,28.2,1375.6589999999997,right_foot,true,true,true,119.35627340027001,true,26.644323973409424
pass,complete,Jayde Yuk Fun Riviere,Jessica Park,Manchester United,FAWSL (FA Women's Super League),2025/2026,Brighton & Hove Albion WFC vs. Manchester United,2025-11-02,53,29,98.0999984741211,58.4000015258789,115.7,60.9,true,ground,17.78,1872,right_foot,true,true,true,99.15124810107031,true,26.210112552219233
pass,incomplete,Jayde Yuk Fun Riviere,Fridolina Rolfö,Manchester United,FAWSL (FA Women's Super League),2025/2026,Everton LFC vs. Manchester United,2025-10-12,23,8,87,66.9000015258789,115.67,39.58,true,high,39.6,1910.722000000067,right_foot,true,true,true,89.96338143933897,true,40.16727523743676
pass,incomplete,Jayde Yuk Fun Riviere,,Manchester United,FAWSL (FA Women's Super League),2025/2026,Manchester United vs. Aston Villa,2025-11-08,87,50,104.300003051758,72.0999984741211,105.2,34.8,true,high,37.31,3478,right_foot,true,true,true,108.01897981373457,true,32.18850726579286
pass,out,Jayde Yuk Fun Riviere,,Manchester United,FAWSL (FA Women's Super League),2025/2026,Liverpool WFC vs. Manchester United,2025-09-28,51,9,93.3000030517578,77.9000015258789,120,54.9,true,high,35.24,2258,right_foot,true,true,true,99.26781955900915,true,43.152056729662384
pass,complete,Jayde Yuk Fun Riviere,Ella Toone,Manchester United,FAWSL (FA Women's Super League),2025/2026,Liverpool WFC vs. Manchester United,2025-09-28,38,56,80,44,108.4,26.4,true,high,33.41,2053,right_foot,true,true,true,80,true,40
pass,incomplete,Jayde Yuk Fun Riviere,,Manchester United,FAWSL (FA Women's Super League),2025/2026,Brighton & Hove Albion WFC vs. Manchester United,2025-11-02,44,2,95.4000015258789,68.4000015258789,108.9,37.8,true,high,33.45,1769,right_foot,true,true,true,98.47090940983536,true,34.648520891951506
pass,incomplete,Jayde Yuk Fun Riviere,,Manchester United,FAWSL (FA Women's Super League),2025/2026,Brighton & Hove Albion WFC vs. Manchester United,2025-11-02,19,39,112.300003051758,72.5999984741211,114,60.4,true,low,12.32,414,right_foot,true,true,true,115.8846409150065,true,29.618406439239767
pass,incomplete,Jayde Yuk Fun Riviere,,Manchester United,FAWSL (FA Women's Super League),2025/2026,Manchester United vs. Tottenham Hotspur Women,2025-12-14,38,53,107,70,105.83,48.71,true,high,21.32,985.8370000002906,right_foot,true,true,true,110.11357772772621,true,29.068883707497267
pass,incomplete,Jayde Yuk Fun Riviere,,Manchester United,FAWSL (FA Women's Super League),2025/2026,Manchester United vs. Chelsea FCW,2025-10-03,29,53,116.099998474121,67,111.6,42.3,true,high,25.11,1242,right_foot,true,true,true,118.3562841593128,true,23.328308982864574
pass,incomplete,Jayde Yuk Fun Riviere,,Manchester United,FAWSL (FA Women's Super League),2025/2026,Manchester United vs. West Ham United LFC,2025-12-07,8,39,81.6999969482422,77,102.1,58.1,true,high,27.81,1651,right_foot,true,true,true,88.11293889094836,true,50.555810744166685
pass,incomplete,Jayde Yuk Fun Riviere,,Manchester United,FAWSL (FA Women's Super League),2025/2026,Manchester United vs. Leicester City WFC,2025-09-07,89,33,88.6999969482422,75.8000030517578,113.7,39.9,true,high,43.75,2024,right_foot,true,true,true,94.22807437276855,true,44.61983863709056
pass,incomplete,Jayde Yuk Fun Riviere,,Manchester United,FAWSL (FA Women's Super League),2025/2026,Manchester United vs. West Ham United LFC,2025-12-07,60,49,108.099998474121,66.5999984741211,112.3,47,true,high,20.04,952,right_foot,true,true,true,110.43717671146796,true,25.54153480118217
pass,complete,Jayde Yuk Fun Riviere,Ella Toone,Manchester United,FAWSL (FA Women's Super League),2025/2026,Manchester United vs. Aston Villa,2025-11-08,66,9,111.900001525879,66,110,31.8,true,high,34.25,2068,right_foot,true,true,true,114.04214133380695,true,23.443762496664224
pass,incomplete,Jayde Yuk Fun Riviere,,Manchester United,FAWSL (FA Women's Super League),2025/2026,Brighton & Hove Albion WFC vs. Manchester United,2025-11-02,1,17,112.099998474121,75.5,113,36.5,true,high,39.01,1937,right_foot,true,true,true,116.44165921181302,true,32.475529248959134
pass,complete,Jayde Yuk Fun Riviere,Leah Galton,Manchester United,FAWSL (FA Women's Super League),2025/2026,Manchester United vs. Aston Villa,2025-11-08,77,58,91.3000030517578,63.5,109.3,32.3,true,high,36.02,2153,right_foot,true,true,true,93.35919879690485,true,34.69783854939671
pass,complete,Jayde Yuk Fun Riviere,Melvine Malard,Manchester United,FAWSL (FA Women's Super League),2025/2026,Manchester United vs. West Ham United LFC,2025-12-07,64,56,108.599998474121,68.1999969482422,112.2,37.7,true,high,30.71,1660,right_foot,true,true,true,111.26365084788472,true,26.750700925396334
pass,incomplete,Jayde Yuk Fun Riviere,,Manchester United,FAWSL (FA Women's Super League),2025/2026,Manchester United vs. Aston Villa,2025-11-08,61,20,108.300003051758,74.1999969482422,114.2,37.9,true,high,36.78,1874,right_foot,true,true,true,112.43189049375627,true,32.387188825212974
pass,complete,Jayde Yuk Fun Riviere,Elisabeth Terland,Manchester United,FAWSL (FA Women's Super League),2025/2026,Manchester United vs. Leicester City WFC,2025-09-07,24,8,87.4000015258789,73.4000015258789,107.4,41.2,true,high,37.91,1715,right_foot,true,true,true,92.21236359621199,true,43.898974931084666
pass,incomplete,Jayde Yuk Fun Riviere,Melvine Malard,Manchester United,FAWSL (FA Women's Super League),2025/2026,Everton LFC vs. Manchester United,2025-10-12,53,38,88.0999984741211,62.7000007629395,105.9,41.2,true,high,27.91,2140.7200000000303,right_foot,true,true,true,90.06275589831792,true,36.97701989073755
pass,incomplete,Jayde Yuk Fun Riviere,,Manchester United,FAWSL (FA Women's Super League),2025/2026,Arsenal WFC vs. Manchester United,2026-01-10,49,45,109,71.9000015258789,108.67,34.54,true,high,37.36,1760.091000000015,right_foot,true,true,true,112.51404356790312,true,29.990165054564144
pass,complete,Jayde Yuk Fun Riviere,Melvine Malard,Manchester United,FAWSL (FA Women's Super League),2025/2026,Manchester United vs. West Ham United LFC,2025-12-07,17,9,111.199996948242,68.9000015258789,108.1,36.1,true,ground,32.95,2175,right_foot,true,true,true,113.95371867560971,true,26.40927867246662
pass,incomplete,Jayde Yuk Fun Riviere,,Manchester United,FAWSL (FA Women's Super League),2025/2026,Brighton & Hove Albion WFC vs. Manchester United,2025-11-02,48,16,114.300003051758,64.9000015258789,111.2,45.5,true,ground,19.65,1598,right_foot,true,true,true,116.19509456082902,true,21.663333076883628
pass,out,Jayde Yuk Fun Riviere,,Manchester United,FAWSL (FA Women's Super League),2025/2026,Manchester United vs. Leicester City WFC,2025-09-07,70,28,98.8000030517578,63.5,120,33.2,true,low,36.98,3062,left_foot,true,true,true,100.70595811569441,true,28.804339950778253
pass,incomplete,Jayde Yuk Fun Riviere,,Manchester United,FAWSL (FA Women's Super League),2025/2026,Manchester United vs. Chelsea FCW,2025-10-03,14,8,92.0999984741211,68.4000015258789,107.7,29.8,true,high,41.63,2246,right_foot,true,true,true,95.27733203653428,true,37.064403408121926
pass,unknown,Jayde Yuk Fun Riviere,Melvine Malard,Manchester United,FAWSL (FA Women's Super League),2025/2026,London City Lionesses vs. Manchester United,2025-09-14,1,38,105.900001525879,69.5,115.8,36.5,true,high,34.45,1939,right_foot,true,true,true,108.92685619258458,true,29.138634147811388
pass,incomplete,Jayde Yuk Fun Riviere,Celin Bizet Ildhusøy,Manchester United,FAWSL (FA Women's Super League),2025/2026,Manchester United vs. Leicester City WFC,2025-09-07,9,37,102.699996948242,64.6999969482422,117.3,57,true,ground,16.51,1521,right_foot,true,true,true,104.76535686953011,true,26.977397947170516
pass,complete,Jayde Yuk Fun Riviere,Melvine Malard,Manchester United,FAWSL (FA Women's Super League),2025/2026,Brighton & Hove Albion WFC vs. Manchester United,2025-11-02,40,28,117.199996948242,70.1999969482422,114.6,32,true,high,38.29,1768,right_foot,true,true,true,120.0927974526366,true,26.349193536045846
pass,incomplete,Jayde Yuk Fun Riviere,Leah Galton,Manchester United,FAWSL (FA Women's Super League),2025/2026,Manchester United vs. Aston Villa,2025-11-08,62,55,98,58.0999984741211,113.8,37.7,true,high,25.8,1876,right_foot,true,true,true,99.00914099213264,true,26.130633363927483
pass,incomplete,Jayde Yuk Fun Riviere,,Manchester United,FAWSL (FA Women's Super League),2025/2026,Manchester United vs. West Ham United LFC,2025-12-07,12,43,116.800003051758,63.5999984741211,117.6,30.8,true,high,32.81,2168,right_foot,true,true,true,118.43310348040366,true,19.85950653969026
pass,unknown,Julia Zigiotti-Olme,,Manchester United,FAWSL (FA Women's Super League),2025/2026,Manchester United vs. Aston Villa,2025-11-08,92,44,92.5999984741211,77.5999984741211,107.7,37.5,true,high,42.85,2300,right_foot,true,true,true,98.50746164631387,true,43.355737797897056
pass,incomplete,Julia Zigiotti-Olme,Maya Le Tissier,Manchester United,FAWSL (FA Women's Super League),2025/2026,London City Lionesses vs. Manchester United,2025-09-14,37,55,83,42.0999984741211,103.9,62,true,high,28.86,1893,right_foot,true,true,true,83,true,37
pass,complete,Julia Zigiotti-Olme,Jessica Park,Manchester United,FAWSL (FA Women's Super League),2025/2026,Manchester United vs. West Ham United LFC,2025-12-07,26,30,87.5999984741211,43.7999992370605,114.6,59.4,true,ground,31.18,2078,right_foot,true,true,true,87.6,true,32.400000000000006
pass,incomplete,Julia Zigiotti-Olme,,Manchester United,FAWSL (FA Women's Super League),2025/2026,Manchester United vs. West Ham United LFC,2025-12-07,16,46,117.699996948242,67.4000015258789,110.6,47.6,true,high,21.03,1315,right_foot,true,true,true,120.00354161440403,true,23.512762491889383
pass,incomplete,Julia Zigiotti-Olme,,Manchester United,FAWSL (FA Women's Super League),2025/2026,Manchester United vs. West Ham United LFC,2025-12-07,35,51,96.6999969482422,46.2000007629395,104.2,40.3,true,ground,9.54,565,left_foot,true,true,true,96.72502261566032,true,23.403632196733906
pass,complete,Julia Zigiotti-Olme,Anna Sandberg,Manchester United,FAWSL (FA Women's Super League),2025/2026,Manchester United vs. Aston Villa,2025-11-08,84,22,109.599998474121,17.5,105,22.6,true,ground,6.87,738,right_foot,true,true,true,111.15039361153876,true,21.22286502807762
pass,incomplete,Julia Zigiotti-Olme,Elisabeth Terland,Manchester United,FAWSL (FA Women's Super League),2025/2026,Liverpool WFC vs. Manchester United,2025-09-28,14,37,97.5,23.1000003814697,104.6,30.6,true,ground,10.33,1842,right_foot,true,true,true,98.34968225673126,true,25.935689695861182
pass,incomplete,Julia Zigiotti-Olme,Maya Le Tissier,Manchester United,FAWSL (FA Women's Super League),2025/2026,Liverpool WFC vs. Manchester United,2025-09-28,79,13,93.6999969482422,55.7000007629395,104.6,58.9,true,ground,11.36,1542,right_foot,true,true,true,94.42764425738895,true,28.78506557227202
pass,out,Julia Zigiotti-Olme,,Manchester United,FAWSL (FA Women's Super League),2025/2026,Brighton & Hove Albion WFC vs. Manchester United,2025-11-02,52,36,103.699996948242,65.5,120,21.8,true,high,46.64,2637,right_foot,true,true,true,105.9053350875205,true,26.980363229578654
pass,complete,Julia Zigiotti-Olme,Fridolina Rolfö,Manchester United,FAWSL (FA Women's Super League),2025/2026,Manchester United vs. Chelsea FCW,2025-10-03,48,13,95.9000015258789,58.2000007629395,102.9,33.2,true,ground,25.96,1777,right_foot,true,true,true,96.94560330412102,true,27.972307734614958
pass,complete,Julia Zigiotti-Olme,Hinata Miyazawa,Manchester United,FAWSL (FA Women's Super League),2025/2026,London City Lionesses vs. Manchester United,2025-09-14,30,52,89.9000015258789,76.5999984741211,106.3,57.5,true,ground,25.17,1534,left_foot,true,true,true,95.62829079304932,true,44.37082374714266
pass,complete,Julia Zigiotti-Olme,Elisabeth Terland,Manchester United,FAWSL (FA Women's Super League),2025/2026,Arsenal WFC vs. Manchester United,2026-01-10,49,52,87.1999969482422,56.5,103.5,44.19,true,high,20.43,2566.3340000000317,right_foot,true,true,true,88.09137301688514,true,35.10113958264033
pass,incomplete,Julia Zigiotti-Olme,Elisabeth Terland,Manchester United,FAWSL (FA Women's Super League),2025/2026,Brighton & Hove Albion WFC vs. Manchester United,2025-11-02,4,40,92.8000030517578,55.0999984741211,115.9,52,true,ground,23.31,2565,left_foot,true,true,true,93.4614893953654,true,29.377712640707756
pass,complete,Julia Zigiotti-Olme,Melvine Malard,Manchester United,FAWSL (FA Women's Super League),2025/2026,London City Lionesses vs. Manchester United,2025-09-14,24,2,88,41.0999984741211,103.8,30,true,ground,19.31,906,right_foot,true,true,true,88,true,32
pass,incomplete,Julia Zigiotti-Olme,,Manchester United,FAWSL (FA Women's Super League),2025/2026,Manchester United vs. Aston Villa,2025-11-08,75,42,98.5,60.7999992370605,103.1,54.7,true,low,7.64,393,right_foot,true,true,true,99.92241990664557,true,27.285344051340086
pass,incomplete,Julia Zigiotti-Olme,,Manchester United,FAWSL (FA Women's Super League),2025/2026,Manchester United vs. Chelsea FCW,2025-10-03,17,47,117.5,14.3999996185303,115.5,24.4,true,low,10.2,607,right_foot,true,true,true,119.46886623719169,true,21.744194627532195
pass,complete,Julia Zigiotti-Olme,Fridolina Rolfö,Manchester United,FAWSL (FA Women's Super League),2025/2026,Manchester City WFC vs. Manchester United,2025-11-15,89,9,92.1999969482422,53.0999984741211,114.3,26.4,true,high,34.66,2074,right_foot,true,true,true,92.64798972454825,true,29.251495688254984
pass,incomplete,Julia Zigiotti-Olme,,Manchester United,FAWSL (FA Women's Super League),2025/2026,Manchester United vs. West Ham United LFC,2025-12-07,91,27,82.8000030517578,24.1000003814697,104.8,29.1,true,high,22.56,1694,right_foot,true,true,true,83.65076210053319,true,39.05700961415249
pass,complete,Julia Zigiotti-Olme,Ella Toone,Manchester United,FAWSL (FA Women's Super League),2025/2026,Manchester United vs. Tottenham Hotspur Women,2025-12-14,47,4,100.300003051758,28.6000003814697,104.9,28.4,true,ground,4.6,739.2569999999978,left_foot,true,true,true,100.57261058558638,true,21.044001520623404
pass,complete,Julia Zigiotti-Olme,Jessica Park,Manchester United,FAWSL (FA Women's Super League),2025/2026,London City Lionesses vs. Manchester United,2025-09-14,30,35,108.5,74.6999969482422,111.8,46.9,true,low,28,752,right_foot,true,true,true,112.75965590582476,true,32.78322741891042
pass,complete,Julia Zigiotti-Olme,Elisabeth Terland,Manchester United,FAWSL (FA Women's Super League),2025/2026,Manchester United vs. West Ham United LFC,2025-12-07,16,29,96.3000030517578,30.7999992370605,104.3,29.9,true,low,8.05,592,right_foot,true,true,true,96.44029240934518,true,24.263758983306772
pass,complete,Julia Zigiotti-Olme,Ella Toone,Manchester United,FAWSL (FA Women's Super League),2025/2026,Brighton & Hove Albion WFC vs. Manchester United,2025-11-02,39,11,106.699996948242,69.4000015258789,103.1,35.8,true,low,33.79,2226,right_foot,true,true,true,109.68158459832718,true,28.671414335536365
pass,complete,Leah Galton,Melvine Malard,Manchester United,FAWSL (FA Women's Super League),2025/2026,Manchester City WFC vs. Manchester United,2025-11-15,52,21,92.4000015258789,52.9000015258789,111.9,48.9,true,high,19.91,2962,head,true,true,true,92.82763597119124,true,28.999482754007865
pass,complete,Leah Galton,Ella Toone,Manchester United,FAWSL (FA Women's Super League),2025/2026,Everton LFC vs. Manchester United,2025-10-12,80,22,92.0999984741211,40,105.3,42,true,ground,13.35,597.2089999997988,right_foot,true,true,true,92.1,true,27.900000000000006
pass,incomplete,Lisa Fjeldstad Naalsund,Elisabeth Terland,Manchester United,FAWSL (FA Women's Super League),2025/2026,Everton LFC vs. Manchester United,2025-10-12,29,55,96.1999969482422,40.0999984741211,108,38.25,true,ground,11.94,1444.3200000000652,right_foot,true,true,true,96.2,true,23.799999999999997
pass,incomplete,Lisa Fjeldstad Naalsund,,Manchester United,FAWSL (FA Women's Super League),2025/2026,Manchester United vs. Leicester City WFC,2025-09-07,84,51,94,71.5,106.4,41.6,true,high,32.37,1216,right_foot,true,true,true,97.94003267305969,true,37.84507894033252
pass,complete,Lisa Fjeldstad Naalsund,Melvine Malard,Manchester United,FAWSL (FA Women's Super League),2025/2026,Everton LFC vs. Manchester United,2025-10-12,50,23,90.8000030517578,22.7000007629395,104.9,25.8,true,ground,14.44,1323.505999999994,right_foot,true,true,true,91.76889451224744,true,32.086289907061555
pass,complete,Lisa Fjeldstad Naalsund,Fridolina Rolfö,Manchester United,FAWSL (FA Women's Super League),2025/2026,Everton LFC vs. Manchester United,2025-10-12,3,57,89.3000030517578,30.6000003814697,115.33,22.92,true,ground,27.14,2915.05799999999,right_foot,true,true,true,89.46312089347208,true,31.171300903234695
pass,complete,Elisabeth Terland,Ella Toone,Manchester United,FAWSL (FA Women's Super League),2025/2026,Liverpool WFC vs. Manchester United,2025-09-28,46,18,100.099998474121,49.7000007629395,103.8,40.4,true,ground,10.01,966,right_foot,true,true,true,100.26215637018784,true,20.700241544484456
pass,incomplete,Elisabeth Terland,,Manchester United,FAWSL (FA Women's Super League),2025/2026,Manchester United vs. West Ham United LFC,2025-12-07,49,12,115.900001525879,68.5,117.2,58.7,true,ground,9.89,300,right_foot,true,true,true,118.4612172822819,true,24.840692421911267
pass,out,Elisabeth Terland,Jessica Park,Manchester United,FAWSL (FA Women's Super League),2025/2026,Manchester United vs. West Ham United LFC,2025-12-07,47,34,88.0999984741211,62.0999984741211,120,61.8,true,low,31.9,3526,right_foot,true,true,true,89.94009117184615,true,36.67724089950061
pass,incomplete,Elisabeth Terland,Melvine Malard,Manchester United,FAWSL (FA Women's Super League),2025/2026,Liverpool WFC vs. Manchester United,2025-09-28,40,17,93.5999984741211,28.2000007629395,106.1,22,true,ground,13.95,2240,right_foot,true,true,true,93.9244377145799,true,27.528167392690715
pass,complete,Elisabeth Terland,Lisa Fjeldstad Naalsund,Manchester United,FAWSL (FA Women's Super League),2025/2026,Everton LFC vs. Manchester United,2025-10-12,8,30,105.300003051758,67.0999984741211,104.5,57.75,true,low,9.38,1492.5279999999912,head,true,true,true,107.80398879447829,true,27.38065010185112
pass,complete,Elisabeth Terland,Jessica Park,Manchester United,FAWSL (FA Women's Super League),2025/2026,Manchester United vs. Leicester City WFC,2025-09-07,61,49,111.400001525879,69.5999984741211,106.2,60.7,true,ground,10.31,1103,right_foot,true,true,true,114.3036307384853,true,27.005925275761236
pass,incomplete,Elisabeth Terland,,Manchester United,FAWSL (FA Women's Super League),2025/2026,Manchester United vs. Arsenal WFC,2025-09-21,95,46,95.1999969482422,5.09999990463257,108.7,39.3,true,low,36.77,1577,left_foot,true,true,true,100.08921020769422,true,39.62133263786063
pass,incomplete,Celin Bizet Ildhusøy,,Manchester United,FAWSL (FA Women's Super League),2025/2026,Manchester United vs. Arsenal WFC,2025-09-21,12,37,85.9000015258789,77.5999984741211,114,41.6,true,high,45.67,1793,right_foot,true,true,true,92.23757368881729,true,47.87243465711765
pass,incomplete,Celin Bizet Ildhusøy,,Manchester United,FAWSL (FA Women's Super League),2025/2026,Manchester United vs. Leicester City WFC,2025-09-07,6,14,94.5,34.9000015258789,104.8,36.8,true,ground,10.47,1370,right_foot,true,true,true,94.50640189955386,true,25.52371446322028
pass,pass_offside,Celin Bizet Ildhusøy,Elisabeth Terland,Manchester United,FAWSL (FA Women's Super League),2025/2026,Liverpool WFC vs. Manchester United,2025-09-28,78,1,81.9000015258789,45.7999992370605,107.3,54.9,true,ground,26.98,2677,right_foot,true,true,true,81.91977783172999,true,38.14249598544909
pass,incomplete,Celin Bizet Ildhusøy,,Manchester United,FAWSL (FA Women's Super League),2025/2026,Manchester United vs. Arsenal WFC,2025-09-21,24,11,112.599998474121,66.8000030517578,114.2,60.2,true,high,6.79,344,right_foot,true,true,true,114.88516005124421,true,23.970815588961507
pass,incomplete,Celin Bizet Ildhusøy,,Manchester United,FAWSL (FA Women's Super League),2025/2026,Liverpool WFC vs. Manchester United,2025-09-28,74,2,104.599998474121,71.5999984741211,110.9,47.8,true,high,24.62,977,right_foot,true,true,true,108.18003512663508,true,31.605695689226646
pass,incomplete,Celin Bizet Ildhusøy,Jessica Park,Manchester United,FAWSL (FA Women's Super League),2025/2026,London City Lionesses vs. Manchester United,2025-09-14,84,19,111.699996948242,68.4000015258789,105.9,32.7,true,high,36.17,3318,right_foot,true,true,true,114.33394071753148,true,25.77304793771975
pass,complete,Celin Bizet Ildhusøy,Dominique Bloodworth,Manchester United,FAWSL (FA Women's Super League),2025/2026,Manchester United vs. Chelsea FCW,2025-10-03,89,34,81.5,53.7000007629395,103.3,37.4,true,high,27.22,1128,right_foot,true,true,true,82.07520941185591,true,39.70314848976086
pass,incomplete,Anna Sandberg,,Manchester United,FAWSL (FA Women's Super League),2025/2026,Manchester City WFC vs. Manchester United,2025-11-15,31,16,103.699996948242,13.8000001907349,109.9,34.9,true,high,21.99,929,left_foot,true,true,true,106.04965817955285,true,27.54142334738711
pass,complete,Anna Sandberg,Elisabeth Terland,Manchester United,FAWSL (FA Women's Super League),2025/2026,Manchester United vs. West Ham United LFC,2025-12-07,36,56,104.300003051758,15.1000003814697,115.1,41.5,true,low,28.52,1421,left_foot,true,true,true,106.37339893037168,true,26.14000765110829
pass,incomplete,Anna Sandberg,Millie Turner,Manchester United,FAWSL (FA Women's Super League),2025/2026,London City Lionesses vs. Manchester United,2025-09-14,52,42,109.699996948242,12.8000001907349,112.5,35.8,true,low,23.17,912,left_foot,true,true,true,112.12640188644242,true,25.383656159032725
pass,incomplete,Anna Sandberg,,Manchester United,FAWSL (FA Women's Super League),2025/2026,Manchester City WFC vs. Manchester United,2025-11-15,75,7,117.199996948242,2,116.5,29.8,true,ground,27.81,3541,left_foot,true,true,true,122.03212691746383,true,34.11509929635263
pass,incomplete,Anna Sandberg,,Manchester United,FAWSL (FA Women's Super League),2025/2026,Manchester United vs. West Ham United LFC,2025-12-07,80,47,117.800003051758,11.5,111.5,45.2,true,high,34.28,1861,left_foot,true,true,true,120.32077958524039,true,24.59857719462652
pass,incomplete,Anna Sandberg,Elisabeth Terland,Manchester United,FAWSL (FA Women's Super League),2025/2026,Everton LFC vs. Manchester United,2025-10-12,9,52,104.800003051758,16.8999996185303,107.33,32.75,true,low,16.05,740.6599999999162,left_foot,true,true,true,106.52628783544463,true,24.41003891844501
pass,complete,Anna Sandberg,Jessica Park,Manchester United,FAWSL (FA Women's Super League),2025/2026,Brighton & Hove Albion WFC vs. Manchester United,2025-11-02,20,31,92,25.3999996185303,103.3,23.1,true,ground,11.53,707,left_foot,true,true,true,92.60863890588178,true,29.939271868233536
pass,complete,Anna Sandberg,Fridolina Rolfö,Manchester United,FAWSL (FA Women's Super League),2025/2026,Manchester United vs. Chelsea FCW,2025-10-03,49,35,104.400001525879,64.0999984741211,113.3,36.5,true,high,29,1656,left_foot,true,true,true,106.31730809233274,true,25.44346674492294
pass,complete,Anna Sandberg,Fridolina Rolfö,Manchester United,FAWSL (FA Women's Super League),2025/2026,Manchester United vs. Tottenham Hotspur Women,2025-12-14,65,20,117.800003051758,17.3999996185303,112,37.2,true,low,20.63,974.6129999998956,right_foot,true,true,true,119.25938118236233,true,18.72965562950905
pass,complete,Anna Sandberg,Melvine Malard,Manchester United,FAWSL (FA Women's Super League),2025/2026,Manchester City WFC vs. Manchester United,2025-11-15,99,9,115.400001525879,16.5,112.4,37.9,true,high,21.61,764,left_foot,true,true,true,117.03593465256729,true,20.035218990567586
pass,incomplete,Anna Sandberg,,Manchester United,FAWSL (FA Women's Super League),2025/2026,Manchester City WFC vs. Manchester United,2025-11-15,16,26,106.900001525879,15.8999996185303,107.8,19.4,true,low,3.61,64,left_foot,true,true,true,108.77325038813541,true,23.992082027202223
pass,complete,Anna Sandberg,Melvine Malard,Manchester United,FAWSL (FA Women's Super League),2025/2026,Manchester United vs. West Ham United LFC,2025-12-07,55,52,113.300003051758,14.3000001907349,104.8,24.9,true,ground,13.59,1109,left_foot,true,true,true,115.35935159318467,true,22.71079038695043
pass,complete,Anna Sandberg,Jessica Park,Manchester United,FAWSL (FA Women's Super League),2025/2026,Arsenal WFC vs. Manchester United,2026-01-10,4,1,105.099998474121,10.6000003814697,114.1,18.4,true,ground,11.91,1538.222999999998,left_foot,true,true,true,108.12571387047578,true,29.447750338523317
pass,complete,Anna Sandberg,Jayde Yuk Fun Riviere,Manchester United,FAWSL (FA Women's Super League),2025/2026,Manchester United vs. Tottenham Hotspur Women,2025-12-14,3,10,107.800003051758,70.1999969482422,105.47642661502086,42.81264261610717,true,high,27.49,1659.8299999999872,left_foot,true,true,true,110.9381809838254,true,28.901211047290047
pass,incomplete,Anna Sandberg,,Manchester United,FAWSL (FA Women's Super League),2025/2026,London City Lionesses vs. Manchester United,2025-09-14,53,46,113.599998474121,14.8000001907349,111.2,44.3,true,high,29.6,40,left_foot,true,true,true,115.56123917646435,true,22.144976857066258
pass,out,Anna Sandberg,,Manchester United,FAWSL (FA Women's Super League),2025/2026,Brighton & Hove Albion WFC vs. Manchester United,2025-11-02,43,1,110.300003051758,15.1999998092651,120,34.4,true,high,21.51,1628,left_foot,true,true,true,112.2440644310424,true,22.950599120720142
pass,complete,Anna Sandberg,Ella Toone,Manchester United,FAWSL (FA Women's Super League),2025/2026,Brighton & Hove Albion WFC vs. Manchester United,2025-11-02,48,14,118.699996948242,17,110,30.5,true,low,16.06,1254,left_foot,true,true,true,120.21102278909368,true,19.04442175546425
pass,incomplete,Hinata Miyazawa,Melvine Malard,Manchester United,FAWSL (FA Women's Super League),2025/2026,Liverpool WFC vs. Manchester United,2025-09-28,2,41,93.5999984741211,63.4000015258789,106,32,true,high,33.76,1475,right_foot,true,true,true,95.58932994848327,true,32.76156284428446
pass,complete,Hinata Miyazawa,Leah Galton,Manchester United,FAWSL (FA Women's Super League),2025/2026,Manchester City WFC vs. Manchester United,2025-11-15,36,6,84.3000030517578,26.6000003814697,106,27.1,true,ground,21.71,2047,left_foot,true,true,true,84.8224616478442,true,36.91679834438518
pass,out,Hinata Miyazawa,,Manchester United,FAWSL (FA Women's Super League),2025/2026,Manchester United vs. Tottenham Hotspur Women,2025-12-14,49,12,91.5,17.3999996185303,120,18.38,true,ground,28.52,2635.75,left_foot,true,true,true,93.37135535055705,true,34.032484481741854
pass,incomplete,Hinata Miyazawa,Melvine Malard,Manchester United,FAWSL (FA Women's Super League),2025/2026,Manchester United vs. West Ham United LFC,2025-12-07,13,27,84.4000015258789,49.5999984741211,114.4,34.6,true,high,33.54,2091,right_foot,true,true,true,84.5855779669324,true,36.03775797687753
pass,complete,Hinata Miyazawa,Melvine Malard,Manchester United,FAWSL (FA Women's Super League),2025/2026,Manchester United vs. Leicester City WFC,2025-09-07,67,16,91,40.5,103,34.3,true,ground,13.51,970,right_foot,true,true,true,91,true,29
pass,complete,Hinata Miyazawa,Ella Toone,Manchester United,FAWSL (FA Women's Super League),2025/2026,Manchester United vs. Tottenham Hotspur Women,2025-12-14,28,11,85.5,21,102.33,23.38,true,ground,17,1149.3359999998938,right_foot,true,true,true,86.80581777738172,true,37.61980861195336
pass,out,Hinata Miyazawa,,Manchester United,FAWSL (FA Women's Super League),2025/2026,Manchester United vs. Aston Villa,2025-11-08,70,29,97.8000030517578,24.7999992370605,120,50.3,true,high,33.81,2881,left_foot,true,true,true,98.43921982624609,true,24.865236777477108
pass,incomplete,Hinata Miyazawa,,Manchester United,FAWSL (FA Women's Super League),2025/2026,Liverpool WFC vs. Manchester United,2025-09-28,3,24,91.8000030517578,16.8999996185303,112.4,44.9,true,high,34.76,2250,right_foot,true,true,true,93.76593197958414,true,34.05950674921761
pass,complete,Hinata Miyazawa,Elisabeth Terland,Manchester United,FAWSL (FA Women's Super League),2025/2026,Liverpool WFC vs. Manchester United,2025-09-28,9,21,84.8000030517578,51.9000015258789,102.6,51.9,true,ground,17.8,1169,right_foot,true,true,true,85.16718851764452,true,36.07561503287228
pass,out,Hinata Miyazawa,,Manchester United,FAWSL (FA Women's Super League),2025/2026,Everton LFC vs. Manchester United,2025-10-12,31,45,89.8000030517578,24.2999992370605,120,27.08,true,high,30.33,2740.792000000132,left_foot,true,true,true,90.55898630174698,true,32.387188825212974
pass,complete,Hinata Miyazawa,Simisola Feyishayo Awujo,Manchester United,FAWSL (FA Women's Super League),2025/2026,Arsenal WFC vs. Manchester United,2026-01-10,70,16,88.8000030517578,21.2000007629395,104.67,26.19,true,ground,16.64,1264.9760000000242,right_foot,true,true,true,90.02488544841366,true,34.53230371695465